,Product,Price,Link,Image
0,OCC 415O,4543000.0,https://store.nilper.ir/%D8%B5%D9%86%D8%AF%D9%84%DB%8C-%D8%A7%D8%AF%D8%A7%D8%B1%DB%8C?product_id=182,https://store.nilper.ir/image/cache/catalog/Product%20picture/Office%20Chair/c-br415o-228x228.jpg
1,OCC 450,4708000.0,https://store.nilper.ir/%D8%B5%D9%86%D8%AF%D9%84%DB%8C-%D8%A7%D8%AF%D8%A7%D8%B1%DB%8C?product_id=346,https://store.nilper.ir/image/cache/catalog/Product%20picture/Office%20Chair/Sc740%20(3)-228x228.png
2,OCC 515O,4653000.0,https://store.nilper.ir/%D8%B5%D9%86%D8%AF%D9%84%DB%8C-%D8%A7%D8%AF%D8%A7%D8%B1%DB%8C?product_id=185,https://store.nilper.ir/image/cache/catalog/Product%20picture/Office%20Chair/c-br515o-228x228.jpg
3,OCC 603G,7084000.0,https://store.nilper.ir/%D8%B5%D9%86%D8%AF%D9%84%DB%8C-%D8%A7%D8%AF%D8%A7%D8%B1%DB%8C?product_id=189,https://store.nilper.ir/image/cache/catalog/Product%20picture/Office%20Chair/sc603g-br-228x228.jpg
4,OCC 666,5126000.0,https://store.nilper.ir/%D8%B5%D9%86%D8%AF%D9%84%DB%8C-%D8%A7%D8%AF%D8%A7%D8%B1%DB%8C?product_id=343,https://store.nilper.ir/image/cache/catalog/Product%20picture/Office%20Chair/sc666-2-228x228.jpg
5,OCC 700G,6457000.0,https://store.nilper.ir/%D8%B5%D9%86%D8%AF%D9%84%DB%8C-%D8%A7%D8%AF%D8%A7%D8%B1%DB%8C?product_id=180,https://store.nilper.ir/image/cache/catalog/Product%20picture/Office%20Chair/c-700g%20br-228x228.jpg
6,OCC 708G,7183000.0,https://store.nilper.ir/%D8%B5%D9%86%D8%AF%D9%84%DB%8C-%D8%A7%D8%AF%D8%A7%D8%B1%DB%8C?product_id=188,https://store.nilper.ir/image/cache/catalog/Product%20picture/Office%20Chair/SC708G-BR1-228x228.jpg
7,OCC 712P,6853000.0,https://store.nilper.ir/%D8%B5%D9%86%D8%AF%D9%84%DB%8C-%D8%A7%D8%AF%D8%A7%D8%B1%DB%8C?product_id=178,https://store.nilper.ir/image/cache/catalog/Product%20picture/Office%20Chair/c-br712-228x228.jpg
8,OCC 740,5478000.0,https://store.nilper.ir/%D8%B5%D9%86%D8%AF%D9%84%DB%8C-%D8%A7%D8%AF%D8%A7%D8%B1%DB%8C?product_id=190,https://store.nilper.ir/image/cache/catalog/Product%20picture/Office%20Chair/SC740U-228x228.jpg
9,OCC 810Fi,8393000.0,https://store.nilper.ir/%D8%B5%D9%86%D8%AF%D9%84%DB%8C-%D8%A7%D8%AF%D8%A7%D8%B1%DB%8C?product_id=175,https://store.nilper.ir/image/cache/catalog/Product%20picture/Office%20Chair/occ-810f-228x228.png
10,OCC 810K,11165000.0,https://store.nilper.ir/%D8%B5%D9%86%D8%AF%D9%84%DB%8C-%D8%A7%D8%AF%D8%A7%D8%B1%DB%8C?product_id=174,https://store.nilper.ir/image/cache/catalog/Product%20picture/Office%20Chair/c810kbr-228x228.jpg
11,OCC 825,7909000.0,https://store.nilper.ir/%D8%B5%D9%86%D8%AF%D9%84%DB%8C-%D8%A7%D8%AF%D8%A7%D8%B1%DB%8C?product_id=187,https://store.nilper.ir/image/cache/catalog/Product%20picture/Office%20Chair/sc825brr-228x228.jpg
12,OCC505X,6061000.0,https://store.nilper.ir/%D8%B5%D9%86%D8%AF%D9%84%DB%8C-%D8%A7%D8%AF%D8%A7%D8%B1%DB%8C?product_id=176,https://store.nilper.ir/image/cache/catalog/Product%20picture/Office%20Chair/c-r505-228x228.jpg
13,OCC769i,8492000.0,https://store.nilper.ir/%D8%B5%D9%86%D8%AF%D9%84%DB%8C-%D8%A7%D8%AF%D8%A7%D8%B1%DB%8C?product_id=445,https://store.nilper.ir/image/cache/catalog/IMG_5423-228x228.png
14,OCC769M,8492000.0,https://store.nilper.ir/%D8%B5%D9%86%D8%AF%D9%84%DB%8C-%D8%A7%D8%AF%D8%A7%D8%B1%DB%8C?product_id=446,https://store.nilper.ir/image/cache/catalog/Product%20picture/IMG_5431-228x228.png
15,OCC809E,7898000.0,https://store.nilper.ir/%D8%B5%D9%86%D8%AF%D9%84%DB%8C-%D8%A7%D8%AF%D8%A7%D8%B1%DB%8C?product_id=177,https://store.nilper.ir/image/cache/catalog/Product%20picture/Office%20Chair/c-br809-228x228.jpg
16,OCF 232X,4169000.0,https://store.nilper.ir/%D8%B5%D9%86%D8%AF%D9%84%DB%8C-%D8%A7%D8%AF%D8%A7%D8%B1%DB%8C?product_id=528,https://store.nilper.ir/image/cache/catalog/Product%20picture/Restuarant/h-br232-228x228.jpg
17,OCF 315K,3729000.0,https://store.nilper.ir/%D8%B5%D9%86%D8%AF%D9%84%DB%8C-%D8%A7%D8%AF%D8%A7%D8%B1%DB%8C?product_id=261,https://store.nilper.ir/image/cache/catalog/Product%20picture/Office%20Chair/H315KBR-228x228.jpg
18,OCF 415K,4125000.0,https://store.nilper.ir/%D8%B5%D9%86%D8%AF%D9%84%DB%8C-%D8%A7%D8%AF%D8%A7%D8%B1%DB%8C?product_id=249,https://store.nilper.ir/image/cache/catalog/Product%20picture/Office%20Chair/h-br415k-228x228.jpg
19,OCF 418X,1914000.0,https://store.nilper.ir/%D8%B5%D9%86%D8%AF%D9%84%DB%8C-%D8%A7%D8%AF%D8%A7%D8%B1%DB%8C?product_id=256,https://store.nilper.ir/image/cache/catalog/Product%20picture/Restuarant/h-br418-228x228.jpg
20,OCF 450,4136000.0,https://store.nilper.ir/%D8%B5%D9%86%D8%AF%D9%84%DB%8C-%D8%A7%D8%AF%D8%A7%D8%B1%DB%8C?product_id=345,https://store.nilper.ir/image/cache/catalog/Product%20picture/Office%20Chair/sh450-228x228.jpg
21,OCF 450C,4554000.0,https://store.nilper.ir/%D8%B5%D9%86%D8%AF%D9%84%DB%8C-%D8%A7%D8%AF%D8%A7%D8%B1%DB%8C?product_id=379,https://store.nilper.ir/image/cache/catalog/Product%20picture/Office%20Chair/SH450CBR-228x228.jpg
22,OCF 505X,6105000.0,https://store.nilper.ir/%D8%B5%D9%86%D8%AF%D9%84%DB%8C-%D8%A7%D8%AF%D8%A7%D8%B1%DB%8C?product_id=257,https://store.nilper.ir/image/cache/catalog/Product%20picture/Restuarant/h-r505-228x228.jpg
23,OCF 515K,4235000.0,https://store.nilper.ir/%D8%B5%D9%86%D8%AF%D9%84%DB%8C-%D8%A7%D8%AF%D8%A7%D8%B1%DB%8C?product_id=250,https://store.nilper.ir/image/cache/catalog/Product%20picture/Office%20Chair/h-br515k-228x228.jpg
24,OCF 515X,3058000.0,https://store.nilper.ir/%D8%B5%D9%86%D8%AF%D9%84%DB%8C-%D8%A7%D8%AF%D8%A7%D8%B1%DB%8C?product_id=258,https://store.nilper.ir/image/cache/catalog/Product%20picture/Restuarant/h-br515x-228x228.jpg
25,OCF 518X,2299000.0,https://store.nilper.ir/%D8%B5%D9%86%D8%AF%D9%84%DB%8C-%D8%A7%D8%AF%D8%A7%D8%B1%DB%8C?product_id=259,https://store.nilper.ir/image/cache/catalog/Product%20picture/Restuarant/SH518br-228x228.jpg
26,OCF 666,4411000.0,https://store.nilper.ir/%D8%B5%D9%86%D8%AF%D9%84%DB%8C-%D8%A7%D8%AF%D8%A7%D8%B1%DB%8C?product_id=341,https://store.nilper.ir/image/cache/catalog/Product%20picture/Office%20Chair/Sh6666-228x228.png
27,OCF 666C,4829000.0,https://store.nilper.ir/%D8%B5%D9%86%D8%AF%D9%84%DB%8C-%D8%A7%D8%AF%D8%A7%D8%B1%DB%8C?product_id=380,https://store.nilper.ir/image/cache/catalog/Product%20picture/Office%20Chair/3423-228x228.jpg
28,OCM 113,13651000.0,https://store.nilper.ir/%D8%B5%D9%86%D8%AF%D9%84%DB%8C-%D8%A7%D8%AF%D8%A7%D8%B1%DB%8C?product_id=377,https://store.nilper.ir/image/cache/catalog/Product%20picture/Office%20Chair/OCM113-2-228x228.png
29,OCM 803Ei,10395000.0,https://store.nilper.ir/%D8%B5%D9%86%D8%AF%D9%84%DB%8C-%D8%A7%D8%AF%D8%A7%D8%B1%DB%8C?product_id=235,https://store.nilper.ir/image/cache/catalog/Product%20picture/Office%20Chair/SM803br-228x228.jpg
30,OCM 809E,9163000.0,https://store.nilper.ir/%D8%B5%D9%86%D8%AF%D9%84%DB%8C-%D8%A7%D8%AF%D8%A7%D8%B1%DB%8C?product_id=232,https://store.nilper.ir/image/cache/catalog/Product%20picture/Office%20Chair/br1976-228x228.jpg
31,OCM 810,11737000.0,https://store.nilper.ir/%D8%B5%D9%86%D8%AF%D9%84%DB%8C-%D8%A7%D8%AF%D8%A7%D8%B1%DB%8C?product_id=226,https://store.nilper.ir/image/cache/catalog/Product%20picture/Office%20Chair/m810br-228x228.jpg
32,OCM 812V,11759000.0,https://store.nilper.ir/%D8%B5%D9%86%D8%AF%D9%84%DB%8C-%D8%A7%D8%AF%D8%A7%D8%B1%DB%8C?product_id=230,https://store.nilper.ir/image/cache/catalog/Product%20picture/Office%20Chair/sm812vbr-228x228.jpg
33,OCM 825,11517000.0,https://store.nilper.ir/%D8%B5%D9%86%D8%AF%D9%84%DB%8C-%D8%A7%D8%AF%D8%A7%D8%B1%DB%8C?product_id=229,https://store.nilper.ir/image/cache/catalog/Product%20picture/Office%20Chair/SM825br-228x228.jpg
34,OCM 850,10516000.0,https://store.nilper.ir/%D8%B5%D9%86%D8%AF%D9%84%DB%8C-%D8%A7%D8%AF%D8%A7%D8%B1%DB%8C?product_id=514,https://store.nilper.ir/image/cache/catalog/Product%20picture/Office%20Chair/850br-228x228.jpg
35,OCM 850S,11187000.0,https://store.nilper.ir/%D8%B5%D9%86%D8%AF%D9%84%DB%8C-%D8%A7%D8%AF%D8%A7%D8%B1%DB%8C?product_id=349,https://store.nilper.ir/image/cache/catalog/Product%20picture/Office%20Chair/850sbr-228x228.jpg
36,OCM 869i,12144000.0,https://store.nilper.ir/%D8%B5%D9%86%D8%AF%D9%84%DB%8C-%D8%A7%D8%AF%D8%A7%D8%B1%DB%8C?product_id=382,https://store.nilper.ir/image/cache/catalog/Product%20picture/Office%20Chair/SM869i-3-228x228.jpg
37,OCM 869M,12144000.0,https://store.nilper.ir/%D8%B5%D9%86%D8%AF%D9%84%DB%8C-%D8%A7%D8%AF%D8%A7%D8%B1%DB%8C?product_id=352,https://store.nilper.ir/image/cache/catalog/Product%20picture/Office%20Chair/sm869brr-228x228.jpg
38,OCM 900E,8778000.0,https://store.nilper.ir/%D8%B5%D9%86%D8%AF%D9%84%DB%8C-%D8%A7%D8%AF%D8%A7%D8%B1%DB%8C?product_id=225,https://store.nilper.ir/image/cache/catalog/Product%20picture/Office%20Chair/rb8-228x228.jpg
39,OCM 901E,8998000.0,https://store.nilper.ir/%D8%B5%D9%86%D8%AF%D9%84%DB%8C-%D8%A7%D8%AF%D8%A7%D8%B1%DB%8C?product_id=485,https://store.nilper.ir/image/cache/catalog/Product%20picture/Office%20Chair/rb1-228x228.jpg
40,OCM 902E,10175000.0,https://store.nilper.ir/%D8%B5%D9%86%D8%AF%D9%84%DB%8C-%D8%A7%D8%AF%D8%A7%D8%B1%DB%8C?product_id=223,https://store.nilper.ir/image/cache/catalog/Product%20picture/Office%20Chair/br197-228x228.jpg
41,OCM 909E,11088000.0,https://store.nilper.ir/%D8%B5%D9%86%D8%AF%D9%84%DB%8C-%D8%A7%D8%AF%D8%A7%D8%B1%DB%8C?product_id=231,https://store.nilper.ir/image/cache/catalog/Product%20picture/Office%20Chair/br4-228x228.jpg
42,OCM 910,15224000.0,https://store.nilper.ir/%D8%B5%D9%86%D8%AF%D9%84%DB%8C-%D8%A7%D8%AF%D8%A7%D8%B1%DB%8C?product_id=227,https://store.nilper.ir/image/cache/catalog/Product%20picture/Office%20Chair/910-228x228.png
43,OCM 925i,14234000.0,https://store.nilper.ir/%D8%B5%D9%86%D8%AF%D9%84%DB%8C-%D8%A7%D8%AF%D8%A7%D8%B1%DB%8C?product_id=228,https://store.nilper.ir/image/cache/catalog/Product%20picture/Office%20Chair/sm925br-228x228.png
44,OCM 939,16478000.0,https://store.nilper.ir/%D8%B5%D9%86%D8%AF%D9%84%DB%8C-%D8%A7%D8%AF%D8%A7%D8%B1%DB%8C?product_id=233,https://store.nilper.ir/image/cache/catalog/Product%20picture/Office%20Chair/SM939-228x228.png
45,OCM 969i,13915000.0,https://store.nilper.ir/%D8%B5%D9%86%D8%AF%D9%84%DB%8C-%D8%A7%D8%AF%D8%A7%D8%B1%DB%8C?product_id=353,https://store.nilper.ir/image/cache/catalog/Product%20picture/sm969-228x228.jpg
46,OCM 969M,13915000.0,https://store.nilper.ir/%D8%B5%D9%86%D8%AF%D9%84%DB%8C-%D8%A7%D8%AF%D8%A7%D8%B1%DB%8C?product_id=351,https://store.nilper.ir/image/cache/catalog/Product%20picture/sm969m-1-228x228.jpg
47,OCM869,12144000.0,https://store.nilper.ir/%D8%B5%D9%86%D8%AF%D9%84%DB%8C-%D8%A7%D8%AF%D8%A7%D8%B1%DB%8C?product_id=433,https://store.nilper.ir/image/cache/catalog/Product%20picture/Office%20Chair/SM869i-3-228x228.jpg
48,OCM869Mi,12144000.0,https://store.nilper.ir/%D8%B5%D9%86%D8%AF%D9%84%DB%8C-%D8%A7%D8%AF%D8%A7%D8%B1%DB%8C?product_id=434,https://store.nilper.ir/image/cache/catalog/Product%20picture/Office%20Chair/sm869brr-228x228.jpg
49,OCM888,10604000.0,https://store.nilper.ir/%D8%B5%D9%86%D8%AF%D9%84%DB%8C-%D8%A7%D8%AF%D8%A7%D8%B1%DB%8C?product_id=443,https://store.nilper.ir/image/cache/catalog/Product%20picture/Office%20Chair/new/Untitled-1-228x228.jpg
50,OCM888s,11275000.0,https://store.nilper.ir/%D8%B5%D9%86%D8%AF%D9%84%DB%8C-%D8%A7%D8%AF%D8%A7%D8%B1%DB%8C?product_id=457,https://store.nilper.ir/image/cache/catalog/Product%20picture/Office%20Chair/new/ocm888s-500x500-500x500-(2)-228x228.jpg
51,OCM939i,15873000.0,https://store.nilper.ir/%D8%B5%D9%86%D8%AF%D9%84%DB%8C-%D8%A7%D8%AF%D8%A7%D8%B1%DB%8C?product_id=430,https://store.nilper.ir/image/cache/catalog/Product%20picture/Office%20Chair/OCM-939i-228x228.png
52,OCM969,13915000.0,https://store.nilper.ir/%D8%B5%D9%86%D8%AF%D9%84%DB%8C-%D8%A7%D8%AF%D8%A7%D8%B1%DB%8C?product_id=431,https://store.nilper.ir/image/cache/catalog/Product%20picture/sm969-228x228.jpg
53,OCM969Mi,13915000.0,https://store.nilper.ir/%D8%B5%D9%86%D8%AF%D9%84%DB%8C-%D8%A7%D8%AF%D8%A7%D8%B1%DB%8C?product_id=432,https://store.nilper.ir/image/cache/catalog/Product%20picture/sm969m-1-228x228.jpg
54,OCT 404F,5588000.0,https://store.nilper.ir/%D8%B5%D9%86%D8%AF%D9%84%DB%8C-%D8%A7%D8%AF%D8%A7%D8%B1%DB%8C?product_id=195,https://store.nilper.ir/image/cache/catalog/Product%20picture/Office%20Chair/br404f-228x228.jpg
55,OCT 415O,5489000.0,https://store.nilper.ir/%D8%B5%D9%86%D8%AF%D9%84%DB%8C-%D8%A7%D8%AF%D8%A7%D8%B1%DB%8C?product_id=209,https://store.nilper.ir/image/cache/catalog/Product%20picture/br415o-228x228.jpg
56,OCT 450,6083000.0,https://store.nilper.ir/%D8%B5%D9%86%D8%AF%D9%84%DB%8C-%D8%A7%D8%AF%D8%A7%D8%B1%DB%8C?product_id=347,https://store.nilper.ir/image/cache/catalog/Product%20picture/Office%20Chair/SK740KU-228x228.png
57,OCT 504F,5962000.0,https://store.nilper.ir/%D8%B5%D9%86%D8%AF%D9%84%DB%8C-%D8%A7%D8%AF%D8%A7%D8%B1%DB%8C?product_id=204,https://store.nilper.ir/image/cache/catalog/Product%20picture/Office%20Chair/br504f-228x228.jpg
58,OCT 504H,7062000.0,https://store.nilper.ir/%D8%B5%D9%86%D8%AF%D9%84%DB%8C-%D8%A7%D8%AF%D8%A7%D8%B1%DB%8C?product_id=205,https://store.nilper.ir/image/cache/catalog/Product%20picture/Office%20Chair/br504h-228x228.jpg
59,OCT 505X,7799000.0,https://store.nilper.ir/%D8%B5%D9%86%D8%AF%D9%84%DB%8C-%D8%A7%D8%AF%D8%A7%D8%B1%DB%8C?product_id=196,https://store.nilper.ir/image/cache/catalog/Product%20picture/Office%20Chair/br505-new-228x228.jpg
60,OCT 515O,5599000.0,https://store.nilper.ir/%D8%B5%D9%86%D8%AF%D9%84%DB%8C-%D8%A7%D8%AF%D8%A7%D8%B1%DB%8C?product_id=211,https://store.nilper.ir/image/cache/catalog/Product%20picture/br515o-228x228.jpg
61,OCT 518X,3685000.0,https://store.nilper.ir/%D8%B5%D9%86%D8%AF%D9%84%DB%8C-%D8%A7%D8%AF%D8%A7%D8%B1%DB%8C?product_id=214,https://store.nilper.ir/image/cache/catalog/Product%20picture/Office%20Chair/SK518br-228x228.jpg
62,OCT 603Bn,7392000.0,https://store.nilper.ir/%D8%B5%D9%86%D8%AF%D9%84%DB%8C-%D8%A7%D8%AF%D8%A7%D8%B1%DB%8C?product_id=215,https://store.nilper.ir/image/cache/catalog/Product%20picture/Office%20Chair/65667-228x228.jpg
63,OCT 603G,7953000.0,https://store.nilper.ir/%D8%B5%D9%86%D8%AF%D9%84%DB%8C-%D8%A7%D8%AF%D8%A7%D8%B1%DB%8C?product_id=216,https://store.nilper.ir/image/cache/catalog/Product%20picture/Office%20Chair/SK603G-BR-228x228.jpg
64,OCT 603H,8393000.0,https://store.nilper.ir/%D8%B5%D9%86%D8%AF%D9%84%DB%8C-%D8%A7%D8%AF%D8%A7%D8%B1%DB%8C?product_id=217,https://store.nilper.ir/image/cache/catalog/Product%20picture/Office%20Chair/SK603H-BR-228x228.jpg
65,OCT 666,6534000.0,https://store.nilper.ir/%D8%B5%D9%86%D8%AF%D9%84%DB%8C-%D8%A7%D8%AF%D8%A7%D8%B1%DB%8C?product_id=344,https://store.nilper.ir/image/cache/catalog/Product%20picture/Office%20Chair/Sk666-(2)2-228x228.jpg
66,OCT 666S,7205000.0,https://store.nilper.ir/%D8%B5%D9%86%D8%AF%D9%84%DB%8C-%D8%A7%D8%AF%D8%A7%D8%B1%DB%8C?product_id=348,https://store.nilper.ir/image/cache/catalog/Product%20picture/Office%20Chair/666-2-228x228.jpg
67,OCT 700Bn,6798000.0,https://store.nilper.ir/%D8%B5%D9%86%D8%AF%D9%84%DB%8C-%D8%A7%D8%AF%D8%A7%D8%B1%DB%8C?product_id=202,https://store.nilper.ir/image/cache/catalog/Product%20picture/Office%20Chair/br700b-228x228.jpg
68,OCT 700G,7359000.0,https://store.nilper.ir/%D8%B5%D9%86%D8%AF%D9%84%DB%8C-%D8%A7%D8%AF%D8%A7%D8%B1%DB%8C?product_id=203,https://store.nilper.ir/image/cache/catalog/Product%20picture/Office%20Chair/br700g-228x228.jpg
69,OCT 708Bn,7458000.0,https://store.nilper.ir/%D8%B5%D9%86%D8%AF%D9%84%DB%8C-%D8%A7%D8%AF%D8%A7%D8%B1%DB%8C?product_id=218,https://store.nilper.ir/image/cache/catalog/Product%20picture/Office%20Chair/SK708Bn-BR-228x228.jpg
70,OCT 708G,8019000.0,https://store.nilper.ir/%D8%B5%D9%86%D8%AF%D9%84%DB%8C-%D8%A7%D8%AF%D8%A7%D8%B1%DB%8C?product_id=219,https://store.nilper.ir/image/cache/catalog/Product%20picture/Office%20Chair/SK708G-BR-228x228.jpg
71,OCT 708H,8459000.0,https://store.nilper.ir/%D8%B5%D9%86%D8%AF%D9%84%DB%8C-%D8%A7%D8%AF%D8%A7%D8%B1%DB%8C?product_id=220,https://store.nilper.ir/image/cache/catalog/Product%20picture/Office%20Chair/SK708H-BR-228x228.jpg
72,OCT 712T,8646000.0,https://store.nilper.ir/%D8%B5%D9%86%D8%AF%D9%84%DB%8C-%D8%A7%D8%AF%D8%A7%D8%B1%DB%8C?product_id=191,https://store.nilper.ir/image/cache/catalog/Product%20picture/Office%20Chair/br712-228x228.jpg
73,OCT 740,6611000.0,https://store.nilper.ir/%D8%B5%D9%86%D8%AF%D9%84%DB%8C-%D8%A7%D8%AF%D8%A7%D8%B1%DB%8C?product_id=222,https://store.nilper.ir/image/cache/catalog/Product%20picture/Office%20Chair/SK740K-228x228.jpg
74,OCT 740K,7469000.0,https://store.nilper.ir/%D8%B5%D9%86%D8%AF%D9%84%DB%8C-%D8%A7%D8%AF%D8%A7%D8%B1%DB%8C?product_id=221,https://store.nilper.ir/image/cache/catalog/Product%20picture/Office%20Chair/SK740KU-228x228.jpg
75,OCT 740KM,7524000.0,https://store.nilper.ir/%D8%B5%D9%86%D8%AF%D9%84%DB%8C-%D8%A7%D8%AF%D8%A7%D8%B1%DB%8C?product_id=279,https://store.nilper.ir/image/cache/catalog/Product%20picture/Office%20Chair/SK740mmbr-228x228.jpg
76,OCT 740M,6666000.0,https://store.nilper.ir/%D8%B5%D9%86%D8%AF%D9%84%DB%8C-%D8%A7%D8%AF%D8%A7%D8%B1%DB%8C?product_id=278,https://store.nilper.ir/image/cache/catalog/Product%20picture/Office%20Chair/SK740smbr-228x228.jpg
77,OCT 750,9801000.0,https://store.nilper.ir/%D8%B5%D9%86%D8%AF%D9%84%DB%8C-%D8%A7%D8%AF%D8%A7%D8%B1%DB%8C?product_id=350,https://store.nilper.ir/image/cache/catalog/Product%20picture/Office%20Chair/7502-228x228.jpg
78,OCT 750P,9746000.0,https://store.nilper.ir/%D8%B5%D9%86%D8%AF%D9%84%DB%8C-%D8%A7%D8%AF%D8%A7%D8%B1%DB%8C?product_id=386,https://store.nilper.ir/image/cache/catalog/Product%20picture/Office%20Chair/OCT%20750P-228x228.jpg
79,OCT 750S,10472000.0,https://store.nilper.ir/%D8%B5%D9%86%D8%AF%D9%84%DB%8C-%D8%A7%D8%AF%D8%A7%D8%B1%DB%8C?product_id=387,https://store.nilper.ir/image/cache/catalog/Product%20picture/Office%20Chair/OCT%20750S-228x228.jpg
80,OCT 750SP,10417000.0,https://store.nilper.ir/%D8%B5%D9%86%D8%AF%D9%84%DB%8C-%D8%A7%D8%AF%D8%A7%D8%B1%DB%8C?product_id=388,https://store.nilper.ir/image/cache/catalog/Product%20picture/Office%20Chair/OCT%20750SP-228x228.jpg
81,OCT666P,6479000.0,https://store.nilper.ir/%D8%B5%D9%86%D8%AF%D9%84%DB%8C-%D8%A7%D8%AF%D8%A7%D8%B1%DB%8C?product_id=435,https://store.nilper.ir/image/cache/catalog/Product%20picture/Office%20Chair/sk666p-228x228.jpg
82,OCT666SP,7150000.0,https://store.nilper.ir/%D8%B5%D9%86%D8%AF%D9%84%DB%8C-%D8%A7%D8%AF%D8%A7%D8%B1%DB%8C?product_id=436,https://store.nilper.ir/image/cache/catalog/Product%20picture/Office%20Chair/sk666sp-228x228.jpg
83,OCT700H,7799000.0,https://store.nilper.ir/%D8%B5%D9%86%D8%AF%D9%84%DB%8C-%D8%A7%D8%AF%D8%A7%D8%B1%DB%8C?product_id=437,https://store.nilper.ir/image/cache/catalog/Product%20picture/Office%20Chair/sk700h-228x228.jpg
84,OCT740S,7216000.0,https://store.nilper.ir/%D8%B5%D9%86%D8%AF%D9%84%DB%8C-%D8%A7%D8%AF%D8%A7%D8%B1%DB%8C?product_id=438,https://store.nilper.ir/image/cache/catalog/Product%20picture/Office%20Chair/SK740KU-228x228.jpg
85,OCT740SM,7271000.0,https://store.nilper.ir/%D8%B5%D9%86%D8%AF%D9%84%DB%8C-%D8%A7%D8%AF%D8%A7%D8%B1%DB%8C?product_id=439,https://store.nilper.ir/image/cache/catalog/Product%20picture/Office%20Chair/SK740mmbr-228x228.jpg
86,OCV 505X,7832000.0,https://store.nilper.ir/%D8%B5%D9%86%D8%AF%D9%84%DB%8C-%D8%A7%D8%AF%D8%A7%D8%B1%DB%8C?product_id=172,https://store.nilper.ir/image/cache/catalog/Product%20picture/Office%20Chair/v505-228x228.jpg
87,OCW 315X2,4576000.0,https://store.nilper.ir/%D8%B5%D9%86%D8%AF%D9%84%DB%8C-%D8%A7%D8%AF%D8%A7%D8%B1%DB%8C?product_id=540,https://store.nilper.ir/image/cache/catalog/Product%20picture/Restuarant/2-nafare-228x228.jpg
88,OCW 315X3,6567000.0,https://store.nilper.ir/%D8%B5%D9%86%D8%AF%D9%84%DB%8C-%D8%A7%D8%AF%D8%A7%D8%B1%DB%8C?product_id=164,https://store.nilper.ir/image/cache/catalog/Product%20picture/Office%20Chair/w315x3-228x228.jpg
89,OCW 315X4,8569000.0,https://store.nilper.ir/%D8%B5%D9%86%D8%AF%D9%84%DB%8C-%D8%A7%D8%AF%D8%A7%D8%B1%DB%8C?product_id=539,https://store.nilper.ir/image/cache/catalog/ocw-315-228x228.jpg
90,OCW 415L3,9647000.0,https://store.nilper.ir/%D8%B5%D9%86%D8%AF%D9%84%DB%8C-%D8%A7%D8%AF%D8%A7%D8%B1%DB%8C?product_id=163,https://store.nilper.ir/image/cache/catalog/Product%20picture/Office%20Chair/w415l3-228x228.jpg
91,OCW 515N3,11440000.0,https://store.nilper.ir/%D8%B5%D9%86%D8%AF%D9%84%DB%8C-%D8%A7%D8%AF%D8%A7%D8%B1%DB%8C?product_id=165,https://store.nilper.ir/image/cache/catalog/Product%20picture/Office%20Chair/w515n3-228x228.jpg
92,OCW 603L3,17171000.0,https://store.nilper.ir/%D8%B5%D9%86%D8%AF%D9%84%DB%8C-%D8%A7%D8%AF%D8%A7%D8%B1%DB%8C?product_id=170,https://store.nilper.ir/image/cache/catalog/Product%20picture/Office%20Chair/SW603L3-BR-228x228.jpg
93,OCW 740N3,13431000.0,https://store.nilper.ir/%D8%B5%D9%86%D8%AF%D9%84%DB%8C-%D8%A7%D8%AF%D8%A7%D8%B1%DB%8C?product_id=354,https://store.nilper.ir/image/cache/catalog/Product%20picture/Office%20Chair/SW740N3-228x228.jpg
